,Rank,Youtube Channel,Subscribers,Video Views,Video Count,Category,Started
0,1,T-Series,"234,000,000","212,900,271,553","18,515",Music,2006
1,2,YouTube Movies,"161,000,000",0,0,Film & Animation,2015
2,3,Cocomelon - Nursery Rhymes,"152,000,000","149,084,178,448",846,Education,2006
3,4,SET India,"150,000,000","137,828,094,104","103,200",Shows,2006
4,5,MrBeast,"128,000,000","21,549,128,785",733,Entertainment,2012
5,6,Music,"118,000,000",0,0,https://us.youtubers.me/global/all/top-1000-most_subscribed-youtube-channels,2013
6,7,PewDiePie,"111,000,000","28,851,883,250","4,694",Gaming,2010
7,8,✿ Kids Diana Show,"106,000,000","86,638,570,921","1,056",People & Blogs,2015
8,9,Like Nastya,"104,000,000","87,202,935,675",754,People & Blogs,2016
9,10,Gaming,"93,300,000",0,0,https://us.youtubers.me/global/all/top-1000-most_subscribed-youtube-channels,2013
10,11,WWE,"92,800,000","73,577,695,222","66,174",Sports,2007
11,12,Vlad and Niki,"92,700,000","72,444,118,381",520,Entertainment,2018
12,13,Zee Music Company,"91,600,000","53,352,597,784","7,530",Music,2014
13,14,BLACKPINK,"83,900,000","28,723,286,185",468,People & Blogs,2016
14,15,Goldmines,"81,200,000","21,296,568,609","5,090",Film & Animation,2012
15,16,5-Minute Crafts,"78,500,000","24,983,430,208","5,937",Howto & Style,2016
16,17,Sony SAB,"76,400,000","91,117,292,875","63,390",Shows,2007
17,18,Sports,"75,100,000",0,0,https://us.youtubers.me/global/all/top-1000-most_subscribed-youtube-channels,2013
18,19,BANGTANTV,"73,100,000","19,240,057,894","2,090",Music,2012
19,20,Justin Bieber,"70,800,000","29,598,652,357",249,Music,2007
20,21,HYBE LABELS,"69,600,000","25,947,702,825","1,070",Music,2008
21,22,Canal KondZilla,"66,300,000","37,179,407,050","2,383",Music,2012
22,23,Zee TV,"65,400,000","31,291,572,708","80,178",Entertainment,2005
23,24,Pinkfong Baby Shark - Kids' Songs & Stories,"64,600,000","35,934,421,688","2,599",Education,2011
24,25,Shemaroo Filmi Gaane,"63,500,000","29,992,048,346","8,464",Music,2010
25,26,ChuChu TV Nursery Rhymes & Kids Songs,"61,100,000","41,904,239,949",531,Education,2013
26,27,Colors TV,"59,300,000","57,825,649,653","102,403",Shows,2008
27,28,Dude Perfect,"58,600,000","15,294,226,020",364,Sports,2009
28,29,Movieclips,"58,500,000","59,493,925,856","39,921",Film & Animation,2006
29,30,T-Series Bhakti Sagar,"57,300,000","27,004,807,684","24,900",Music,2011
30,31,Tips Official,"56,300,000","30,741,513,673","4,102",Music,2007
31,32,Marshmello,"56,100,000","14,014,958,483",405,Entertainment,2015
32,33,Wave Music,"55,700,000","38,819,471,815","18,970",Music,2014
33,34,Sony Music India,"55,400,000","27,179,277,627","3,380",Music,2009
34,35,Aaj Tak,"55,300,000","22,725,789,132","233,730",News & Politics,2009
35,36,EminemMusic,"55,000,000","25,334,375,101",140,Music,2007
36,37,El Reino Infantil,"55,000,000","53,458,257,145","1,410",Music,2011
37,38,Ed Sheeran,"52,800,000","29,004,663,326",258,Music,2006
38,39,LooLoo Kids - Nursery Rhymes and Children's Songs,"52,300,000","30,857,986,532",607,Music,2014
39,40,Ariana Grande,"52,200,000","23,058,776,245",146,Music,2007
40,41,YRF,"51,000,000","32,068,851,747","3,475",Film & Animation,2006
41,42,Taylor Swift,"50,700,000","27,714,189,976",204,Music,2006
42,43,BillionSurpriseToys - English Kids Songs & Cartoon,"49,700,000","8,662,901,485",637,Education,2013
43,44,Infobells - Hindi,"48,400,000","27,621,598,218",514,Education,2014
44,45,Billie Eilish,"47,300,000","12,810,775,364",51,Music,2013
45,46,JuegaGerman,"47,000,000","14,143,277,535","2,017",Gaming,2013
46,47,Badabun,"46,300,000","19,053,487,396","16,726",Entertainment,2014
47,48,Fernanfloo,"45,600,000","10,146,422,791",542,Gaming,2011
48,49,Bad Bunny,"45,100,000","28,114,460,507",127,Music,2014
49,50,Felipe Neto,"44,800,000","16,043,230,315","3,977",Entertainment,2006
50,51,SonyMusicIndiaVEVO,"44,800,000","25,915,043,211","3,366",Music,2009
51,52,BRIGHT SIDE,"44,300,000","10,430,931,571","5,173",Howto & Style,2017
52,53,Get Movies,"44,200,000","29,251,998,725","3,160",Entertainment,2006
53,54,Você Sabia?,"44,100,000","7,597,909,400","1,444",Entertainment,2013
54,55,whinderssonnunes,"44,000,000","4,179,250,874",524,Comedy,2013
55,56,Shemaroo,"44,000,000","22,419,193,201","10,697",Entertainment,2007
56,57,A4,"43,900,000","19,946,220,349",709,Gaming,2014
57,58,Katy Perry,"43,800,000","24,676,643,547",120,Music,2008
58,59,HolaSoyGerman.,"43,400,000","4,782,790,153",136,Entertainment,2011
59,60,Alan Walker,"42,800,000","12,266,013,874",364,Music,2012
60,61,Voot Kids,"42,300,000","19,620,244,169","3,923",Entertainment,2016
61,62,Like Nastya Show,"42,100,000","19,124,111,758",606,Entertainment,2017
62,63,ABS-CBN Entertainment,"42,100,000","48,815,821,642","185,775",People & Blogs,2008
63,64,Speed Records,"41,800,000","25,752,372,644","10,608",Music,2012
64,65,Rihanna,"40,900,000","21,169,959,746",82,Entertainment,2005
65,66,Маша и Медведь,"40,900,000","34,577,807,066","1,281",Film & Animation,2011
66,67,Little Baby Bum - Nursery Rhymes & Kids Songs,"40,600,000","38,573,516,896","2,245",Education,2011
67,68,elrubiusOMG,"40,400,000","7,581,423,100",711,Gaming,2011
68,69,Shakira,"40,100,000","25,428,049,775",307,People & Blogs,2005
69,70,Luisito Comunica,"39,800,000","8,160,328,364","1,194",Comedy,2012
70,71,Ishtar Music,"39,500,000","16,198,667,693","4,582",Trailers,2005
71,72,Kimberly Loaiza,"39,500,000","4,939,734,902",250,People & Blogs,2016
72,73,LUCCAS NETO - LUCCAS TOON,"38,700,000","21,415,852,275","1,985",People & Blogs,2014
73,74,ARY Digital HD,"38,600,000","32,383,019,054","88,409",Entertainment,2016
74,75,Masha and The Bear,"38,500,000","21,850,302,761","1,035",Shows,2014
75,76,XXXTENTACION,"38,400,000","10,134,205,288",129,Music,2015
76,77,GR6 EXPLODE,"38,400,000","24,701,070,352","4,134",Music,2014
77,78,Toys and Colors,"38,400,000","44,190,624,959",905,Entertainment,2016
78,79,TheEllenShow,"38,300,000","22,535,632,362","14,993",Entertainment,2006
79,80,WorkpointOfficial,"38,100,000","36,234,268,240","69,696",Entertainment,2012
80,81,One Direction,"37,800,000","13,125,170,526",157,Music,2010
81,82,CarryMinati,"37,600,000","3,110,725,449",180,Comedy,2014
82,83,Daddy Yankee,"37,500,000","21,667,615,457",471,Music,2011
83,84,shfa2 - شفا,"37,400,000","22,249,785,330","1,468",People & Blogs,2017
84,85,Super Simple Songs - Kids Songs,"37,400,000","40,905,820,903",647,Education,2006
85,86,TEDx Talks,"37,300,000","7,025,367,828","191,506",Nonprofits & Activism,2009
86,87,shfa,"37,000,000","20,196,597,873",920,People & Blogs,2015
87,88,Jkk Entertainment,"36,700,000","15,892,449,076",207,Comedy,2017
88,89,HAR PAL GEO,"36,700,000","32,307,389,493","80,499",Entertainment,2008
89,90,Mikecrack,"36,600,000","14,997,302,673","1,811",Gaming,2015
90,91,Maroon 5,"36,400,000","21,651,521,761",163,Music,2006
91,92,News,"36,300,000",0,0,https://us.youtubers.me/global/all/top-1000-most_subscribed-youtube-channels,2013
92,93,Goldmines Gaane Sune Ansune,"36,300,000","15,500,577,270","3,406",Music,2015
93,94,Bruno Mars,"36,100,000","18,369,812,498",99,Music,2006
94,95,ช่อง one31,"36,000,000","26,380,324,996","104,458",Entertainment,2013
95,96,Like Nastya ESP,"35,900,000","17,250,777,103",691,Entertainment,2017
96,97,Ozuna,"35,800,000","22,255,148,830",162,Music,2016
97,98,Maria Clara & JP,"35,500,000","22,536,784,457",693,People & Blogs,2015
98,99,Sony PAL,"35,300,000","25,906,208,404","21,627",Shows,2014
99,100,YouTube,"35,200,000","2,980,922,779",620,News & Politics,1970
100,101,Ultra Bollywood,"35,200,000","16,071,519,784","9,424",Trailers,2009
101,102,ABP NEWS,"35,100,000","11,605,665,353","253,628",People & Blogs,2012
102,103,Total Gaming,"34,300,000","5,297,672,072","1,137",Gaming,2018
103,104,Markiplier,"34,300,000","19,491,886,710","5,392",Gaming,2012
104,105,Ryan's World,"34,200,000","53,646,314,889","2,294",Entertainment,2015
105,106,J Balvin,"33,900,000","22,257,560,882",134,Music,2011
106,107,Vlad và Niki,"33,900,000","21,008,932,630",457,https://us.youtubers.me/global/all/top-1000-most_subscribed-youtube-channels,2018
107,108,Geet MP3,"33,700,000","12,205,382,034",614,Music,2016
108,109,Desi Music Factory,"33,600,000","9,909,079,287",129,Music,2014
109,110,IndiaTV,"33,600,000","14,728,724,777","254,217",News & Politics,2006
110,111,T-Series Apna Punjab,"33,600,000","20,004,653,117","7,169",Music,2011
111,112,La Granja de Zenón,"33,600,000","24,784,972,963",604,Music,2013
112,113,VEGETTA777,"33,600,000","15,182,606,203","7,322",Gaming,2008
113,114,SSSniperWolf,"33,200,000","22,265,406,473","3,200",Gaming,2013
114,115,NoCopyrightSounds,"33,100,000","10,843,342,435","1,205",Music,2011
115,116,KHANDESHI MOVIES,"33,000,000","11,114,815,843",203,Comedy,2013
116,117,Bollywood Classics,"32,800,000","20,441,345,965","1,959",Music,2012
117,118,PowerKids TV,"32,800,000","16,678,003,928","3,818",Film & Animation,2014
118,119,Ch3Thailand,"32,500,000","20,928,776,913","73,637",Entertainment,2014
119,120,Galinha Pintadinha,"32,300,000","24,453,480,427",65,Film & Animation,2006
120,121,Selena Gomez,"32,200,000","12,212,768,270",188,Film & Animation,2008
121,122,Eros Now Music,"32,000,000","17,279,122,597","9,863",Entertainment,2007
122,123,Saregama Music,"32,000,000","13,568,878,190","6,652",Entertainment,2013
123,124,Rajshri,"31,900,000","13,965,458,068","3,761",Music,2006
124,125,GENIAL,"31,700,000","6,578,128,540","5,957",Howto & Style,2017
125,126,CVS 3D Rhymes & Kids Songs,"31,700,000","19,319,626,738",338,Education,2008
126,127,JustinBieberVEVO,"31,700,000","25,955,745,056",204,Music,2009
127,128,Mr Bean,"31,500,000","10,219,405,165","2,847",Shows,2006
128,129,rezendeevil,"31,500,000","12,837,585,247","11,757",Gaming,2012
129,130,SMTOWN,"31,400,000","26,267,502,068","4,059",Music,2006
130,131,DisneyMusicVEVO,"31,400,000","26,620,144,607","1,922",Music,2010
131,132,BabyBus - Kids Songs and Cartoons,"31,300,000","25,291,836,510","1,953",Education,2016
132,133,Dream,"31,300,000","2,836,785,859",112,Gaming,2014
133,134,Techno Gamerz,"31,200,000","8,412,805,750",896,Gaming,2017
134,135,Luis Fonsi,"31,200,000","14,805,801,427",137,Entertainment,2014
135,136,Genevieve's Playhouse - Learning Videos for Kids,"31,100,000","22,122,295,687",590,Education,2016
136,137,Ricis Official,"30,800,000","5,641,597,942","2,335",People & Blogs,2016
137,138,MrBeast Gaming,"30,800,000","5,426,458,352",138,Gaming,2020
138,139,The Weeknd,"30,800,000","21,097,791,955",130,Music,2011
139,140,Jingle Toons,"30,700,000","10,348,265,538",233,Film & Animation,2013
140,141,The Tonight Show Starring Jimmy Fallon,"30,600,000","16,697,658,353","8,467",Comedy,2006
141,142,Trap Nation,"30,500,000","13,769,164,702","2,601",Music,2012
142,143,Worldwide Records Bhojpuri,"30,300,000","15,543,812,678","6,208",Music,2012
143,144,AH,"30,100,000","4,140,958,197","1,981",Entertainment,2014
144,145,Peppa Pig - Official Channel,"30,000,000","21,914,217,722","2,575",Film & Animation,2013
145,146,Boram Tube Vlog [보람튜브 브이로그],"29,900,000","13,320,447,980",223,Entertainment,2012
146,147,Wow Kidz,"29,900,000","15,906,054,081","3,825",Film & Animation,2015
147,148,Spinnin' Records,"29,900,000","20,651,821,146","11,048",Music,2007
148,149,ImagineDragons,"29,800,000","15,573,184,914",87,Music,2009
149,150,MR. INDIAN HACKER,"29,800,000","5,170,819,584",874,Science & Technology,2012
150,151,Shawn Mendes,"29,800,000","12,272,383,543",132,Music,2011
151,152,DONA 도나,"29,700,000","19,514,803,427",163,Entertainment,2018
152,153,GMANetwork,"29,600,000","27,835,242,571","125,735",Entertainment,2006
153,154,Adele,"29,500,000","13,365,050,446",15,Music,2008
154,155,Popular on YouTube,"29,300,000",0,0,https://us.youtubers.me/global/all/top-1000-most_subscribed-youtube-channels,2013
155,156,قناة طيور الجنة | toyoraljanahtv,"29,200,000","26,743,403,629","3,175",Entertainment,2008
156,157,AuronPlay,"29,200,000","4,021,381,165",404,Comedy,2006
157,158,Little Angel: Nursery Rhymes & Kids Songs,"29,200,000","21,402,553,443","1,213",Education,2015
158,159,Talking Tom,"29,100,000","14,517,628,994",469,Comedy,2010
159,160,Ultra Records,"29,100,000","16,694,586,833","4,750",Music,2006
160,161,Maluma,"29,000,000","20,398,752,778",21,Music,2018
161,162,Round2hell,"29,000,000","2,955,667,345",66,Comedy,2016
162,163,ashish chanchlani vines,"29,000,000","4,207,027,768",147,Comedy,2009
163,164,jacksepticeye,"29,000,000","15,857,360,480","5,046",Gaming,2007
164,165,KAROL G,"28,900,000","15,671,695,419",124,Music,2013
165,166,Zee News,"28,700,000","14,547,067,456","160,005",News & Politics,2007
166,167,व्लाद और निकिता,"28,700,000","17,107,973,877",478,https://us.youtubers.me/global/all/top-1000-most_subscribed-youtube-channels,2018
167,168,Lucas and Marcus,"28,600,000","9,575,572,393","1,076",Entertainment,2011
168,169,TheDonato,"28,400,000","5,588,992,559","2,755",Entertainment,2015
169,170,The Late Late Show with James Corden,"28,000,000","10,200,658,256","5,695",Entertainment,2006
170,171,AboFlah,"27,700,000","3,963,824,628",593,Gaming,2016
171,172,infobells - Tamil,"27,600,000","17,027,319,292",495,Education,2014
172,173,Drake,"27,500,000","14,112,271,569",59,Music,2009
173,174,Aditya Music,"27,400,000","24,229,379,040","20,757",Music,2008
174,175,Bounce Patrol - Kids Songs,"27,300,000","19,996,346,479",229,Music,2013
175,176,Michael Jackson,"27,100,000","13,475,088,420",15,Music,2005
176,177,Wiz Khalifa,"27,000,000","12,956,392,794",623,Music,2008
177,178,Sandeep Maheshwari,"26,900,000","2,166,469,190",562,People & Blogs,2012
178,179,infobells - Telugu,"26,900,000","13,913,156,831",449,Education,2014
179,180,A.O.D,"26,900,000","15,715,787,972","2,474",Entertainment,2014
180,181,enchufetv,"26,600,000","10,223,966,037","1,056",Comedy,2011
181,182,toycantando,"26,500,000","14,667,362,261",531,Music,2009
182,183,Aditya Movies,"26,400,000","8,932,231,692","4,719",Movies,2012
183,184,JYP Entertainment,"26,300,000","18,505,316,594","1,599",Music,2008
184,185,DanTDM,"26,300,000","18,960,251,968","3,638",Gaming,2012
185,186,Nick Jr.,"26,300,000","21,511,413,683","5,079",Film & Animation,2012
186,187,Goldmines Dishoom,"26,300,000","7,870,463,275","3,364",Film & Animation,2016
187,188,WORLDSTARHIPHOP,"26,200,000","19,899,129,709","6,708",Music,2008
188,189,Renato Garcia YT,"26,200,000","7,380,286,067","3,625",Entertainment,2011
189,190,Jess No Limit,"25,900,000","3,225,286,925","2,009",Entertainment,2017
190,191,Masha y el Oso,"25,900,000","12,088,612,689",936,Film & Animation,2016
191,192,BB Ki Vines,"25,800,000","4,551,592,957",188,Entertainment,2015
192,193,VanossGaming,"25,800,000","15,227,182,993","1,668",Gaming,2011
193,194,1MILLION Dance Studio,"25,800,000","7,639,482,143","4,876",Entertainment,2015
194,195,Netflix,"25,700,000","6,483,549,335","6,144",Entertainment,2012
195,196,Shemaroo Movies,"25,700,000","6,694,749,616","2,666",Entertainment,2011
196,197,TaylorSwiftVEVO,"25,700,000","24,334,160,208",261,Music,2009
197,198,LosPolinesios,"25,600,000","7,284,096,508",941,People & Blogs,2012
198,199,Crazy XYZ,"25,500,000","6,909,579,235","1,183",Entertainment,2017
199,200,Raffy Tulfo in Action,"25,500,000","14,090,642,521","9,363",News & Politics,2016
200,201,Beyoncé,"25,500,000","16,545,952,051",234,Music,2005
201,202,Marília Mendonça,"25,500,000","17,583,869,743",120,Music,2013
202,203,Enaldinho,"25,500,000","9,600,028,596","3,275",Comedy,2012
203,204,RihannaVEVO,"25,200,000","18,711,981,509",118,Music,2009
204,205,StarPlus,"25,200,000","18,007,460,762","26,205",Entertainment,2006
205,206,Nicki Minaj,"25,100,000","9,814,393,443",39,Music,2013
206,207,Las Ratitas,"25,000,000","9,416,242,649",221,People & Blogs,2015
207,208,Smosh,"25,000,000","10,274,551,358","1,459",Comedy,2005
208,209,David Guetta,"25,000,000","16,789,646,111",702,Music,2009
209,210,HUM TV,"24,900,000","20,138,982,531","85,520",Entertainment,2011
210,211,WatchMojo.com,"24,900,000","16,036,594,903","23,571",Music,2007
211,212,ZHC,"24,900,000","2,432,186,480",305,Film & Animation,2013
212,213,Yuya,"24,900,000","2,586,211,373",672,Howto & Style,2009
213,214,EminemVEVO,"24,800,000","19,618,787,988",104,Music,2009
214,215,Post Malone,"24,800,000","13,400,799,639",64,Music,2011
215,216,KatyPerryVEVO,"24,700,000","23,193,121,362",173,Music,2009
216,217,Rans Entertainment,"24,700,000","6,067,761,738","3,371",People & Blogs,2015
217,218,Chris Brown,"24,500,000","14,634,573,956",23,Music,2006
218,219,Brent Rivera,"24,500,000","5,659,381,804",516,Comedy,2009
219,220,Super JoJo - Nursery Rhymes & Kids Songs,"24,400,000","1,459,730",8,https://us.youtubers.me/global/all/top-1000-most_subscribed-youtube-channels,2019
220,221,D Billions,"24,400,000","27,800,456,761",590,https://us.youtubers.me/global/all/top-1000-most_subscribed-youtube-channels,2019
221,222,Coldplay,"24,400,000","16,151,404,605",364,Music,2010
222,223,Goldmines Bollywood,"24,400,000","7,881,575,502","3,097",Film & Animation,2015
223,224,1theK (원더케이),"24,400,000","23,263,234,592","17,735",Music,2011
224,225,TRANS7 OFFICIAL,"24,300,000","13,336,947,331","83,527",Entertainment,2014
225,226,Chloe Ting,"24,300,000","2,855,477,471",386,Howto & Style,2011
226,227,Amit Bhadana,"24,300,000","2,318,923,728",97,Entertainment,2012
227,228,★ Kids Roma Show,"24,100,000","8,539,357,204",613,People & Blogs,2015
228,229,Collins Key,"24,000,000","6,514,271,600",254,Entertainment,2011
229,230,KSI,"24,000,000","5,957,939,168","1,248",Entertainment,2009
230,231,DJ Snake,"23,900,000","8,039,306,948",217,Music,2008
231,232,ABPLIVE,"23,900,000","7,231,058,050","162,144",People & Blogs,2017
232,233,Ninja,"23,800,000","2,487,798,349","1,525",Gaming,2011
233,234,The Lallantop,"23,800,000","9,069,403,398","44,355",News & Politics,2015
234,235,James Charles,"23,800,000","3,801,089,461",444,Entertainment,2015
235,236,WB Kids,"23,700,000","10,175,012,401","1,871",People & Blogs,2015
236,237,Anuel AA,"23,600,000","13,022,229,032",135,Music,2016
237,238,Logan Paul,"23,600,000","5,941,251,199",714,Entertainment,2015
238,239,netd müzik,"23,500,000","53,386,751,228","21,930",Music,2014
239,240,Frost Diamond,"23,500,000","5,920,064,550","2,421",Gaming,2014
240,241,Like Nastya AE,"23,400,000","11,843,614,429",636,Entertainment,2018
241,242,Enrique Iglesias,"23,400,000","16,999,907,105",434,Music,2007
242,243,Happy Lives,"23,400,000","10,103,932,216",550,Science & Technology,2016
243,244,MrBeast en Español,"23,400,000","2,959,484,997",87,Entertainment,2021
244,245,NickyJamTV,"23,400,000","15,433,153,908",358,Music,2012
245,246,Mister Max,"23,400,000","15,188,885,182","1,072",People & Blogs,2014
246,247,Troom Troom,"23,400,000","10,001,222,206","2,120",Howto & Style,2015
247,248,Mark Rober,"23,300,000","3,214,411,985",108,Science & Technology,2011
248,249,Erlania e Valentina Pontes,"23,200,000","7,740,625,371","1,234",Film & Animation,2014
249,250,Miss Katy,"23,200,000","14,256,869,917","1,016",People & Blogs,2014
250,251,Jelly,"23,200,000","14,485,790,472","5,861",Gaming,2014
251,252,Indosiar,"23,100,000","11,795,485,473","64,565",Music,2013
252,253,America's Got Talent,"23,100,000","4,634,400,513","2,960",Entertainment,2006
253,254,Sesame Street,"23,100,000","21,710,473,619","3,542",Entertainment,2006
254,255,Diana and Roma ARA,"23,000,000","10,504,290,129",544,https://us.youtubers.me/global/all/top-1000-most_subscribed-youtube-channels,2019
255,256,Venus Movies,"22,900,000","6,648,113,808","2,499",Entertainment,2010
256,257,YOLO AVENTURAS,"22,800,000","6,140,529,899","1,225",People & Blogs,2018
257,258,Pen Movies,"22,800,000","6,123,652,788","1,646",Film & Animation,2014
258,259,Technical Guruji,"22,800,000","3,240,574,005","4,812",Science & Technology,2015
259,260,Goldmines Movies,"22,800,000","5,166,413,550","4,432",Film & Animation,2013
260,261,Peppa Pig Español Latino - Canal Oficial,"22,700,000","7,495,214,886","1,118",Film & Animation,2014
261,262,FaZe Rug,"22,700,000","6,749,344,707","2,077",Gaming,2012
262,263,DrossRotzank,"22,700,000","5,868,977,921","1,545",Entertainment,2006
263,264,Zhong,"22,700,000","13,648,354,447","1,283",Entertainment,2015
264,265,Lady Gaga,"22,600,000","14,745,436,214",172,People & Blogs,2008
265,266,GMM GRAMMY OFFICIAL,"22,600,000","24,839,063,221","14,488",Music,2010
266,267,Preston,"22,600,000","7,505,683,763","3,927",Gaming,2012
267,268,LankyBox,"22,600,000","30,317,640,439","6,984",Comedy,2016
268,269,White Hill Music,"22,400,000","10,303,170,016","5,300",Entertainment,2014
269,270,The Chainsmokers,"22,400,000","13,744,471,188",160,Music,2012
270,271,Smile Family,"22,400,000","8,499,075,726",451,People & Blogs,2018
271,272,TED,"22,400,000","2,457,759,405","4,181",People & Blogs,2006
272,273,Juan De Dios Pantoja,"22,400,000","1,835,511,828",196,Entertainment,2014
273,274,mmoshaya,"22,300,000","16,972,853,327","1,164",People & Blogs,2010
274,275,Wave Music Bhojpuri,"22,300,000","12,530,155,484","21,963",Music,2014
275,276,Paulo Londra,"22,200,000","7,577,333,000",58,Music,2016
276,277,Sia,"22,200,000","12,789,115,698",168,Music,2007
277,278,BabyBus - Canciones Infantiles & Videos para Niños,"22,100,000","12,546,008,350","1,087",Education,2018
278,279,Diana and Roma EN,"22,100,000","6,044,449,696",464,People & Blogs,2011
279,280,OneDirectionVEVO,"21,900,000","11,830,132,973",266,Music,2010
280,281,Like Nastya PRT,"21,900,000","10,979,800,678",589,Entertainment,2019
281,282,SSundee,"21,700,000","12,843,659,340","3,194",Gaming,2009
282,283,Charlie Puth,"21,600,000","9,279,930,391",146,Music,2009
283,284,Ultra Movie Parlour,"21,600,000","5,274,337,335","1,475",Movies,2011
284,285,Goldmines Cineplex,"21,500,000","2,098,934,903","2,932",Film & Animation,2015
285,286,FGTeeV,"21,500,000","23,294,730,097","1,661",Gaming,2013
286,287,Maya and Mary,"21,400,000","6,488,980,036",546,Entertainment,2013
287,288,Dua Lipa,"21,400,000","10,584,082,649",164,Music,2011
288,289,Dushyant kukreja,"21,400,000","14,105,493,980",735,Entertainment,2015
289,290,Beast Reacts,"21,300,000","3,212,940,190",230,People & Blogs,2016
290,291,Alan Becker,"21,200,000","4,743,371,214",135,Film & Animation,2006
291,292,Kids TV - Nursery Rhymes And Baby Songs,"21,200,000","12,481,540,293","3,608",Shows,2013
292,293,NichLmao,"21,100,000","11,361,253,531",720,People & Blogs,2018
293,294,nigahiga,"21,100,000","4,370,083,736",403,Entertainment,2006
294,295,Vlad and Niki Arabic,"21,100,000","9,910,020,745",471,https://us.youtubers.me/global/all/top-1000-most_subscribed-youtube-channels,2018
295,296,National Geographic,"21,100,000","5,429,440,644","10,013",Science & Technology,2006
296,297,Disney Latinoamérica,"21,000,000","19,851,368,612","7,956",Entertainment,2007
297,298,Tasty,"21,000,000","5,614,408,524","4,461",Howto & Style,2016
298,299,toyorbabytv,"21,000,000","14,935,005,348","1,092",Music,2012
299,300,Rotana,"20,900,000","17,847,780,290","8,240",Music,2012
300,301,Becky G,"20,800,000","10,028,384,275",73,Music,2011
301,302,5-Minute Crafts DIY,"20,800,000","4,997,658,141","4,478",Howto & Style,2018
302,303,Baim Paula,"20,800,000","4,345,134,335","2,065",People & Blogs,2016
303,304,Sun TV,"20,700,000","17,384,448,140","45,220",People & Blogs,2016
304,305,Kinder Spielzeug Kanal,"20,700,000","10,240,499,274",842,Entertainment,2015
305,306,Canal Canalha,"20,700,000","1,858,850,667",298,Comedy,2011
306,307,Tlnovelas,"20,600,000","13,931,461,109","34,189",News & Politics,2013
307,308,Netflix India,"20,600,000","6,630,097,487","3,126",People & Blogs,2016
308,309,Tekashi 6ix9ine,"20,600,000","5,505,799,443",25,People & Blogs,2018
309,310,Brave Wilderness,"20,600,000","4,798,091,763",966,Pets & Animals,2014
310,311,Vania Mania Kids,"20,500,000","8,599,968,109",906,People & Blogs,2015
311,312,Family GamesTV,"20,400,000","7,157,996,223",301,Entertainment,2016
312,313,Lyrical Lemonade,"20,400,000","10,103,545,946",413,Entertainment,2013
313,314,Dr. Vivek Bindra: Motivational Speaker,"20,400,000","1,597,414,298",782,Education,2013
314,315,Avicii,"20,400,000","9,857,717,474",149,Music,2009
315,316,Junya.じゅんや,"20,300,000","12,067,861,694","4,001",Entertainment,2020
316,317,GMA Public Affairs,"20,300,000","12,775,779,195","41,546",Entertainment,2009
317,318,BETER BÖCÜK,"20,300,000","11,558,534,734","1,772",https://us.youtubers.me/global/all/top-1000-most_subscribed-youtube-channels,2012
318,319,Eva Bravo Play,"20,300,000","8,634,660,945",202,Entertainment,2019
319,320,LazarBeam,"20,300,000","8,589,202,733","1,318",Gaming,2015
320,321,Jake Paul,"20,300,000","7,265,786,652",950,People & Blogs,2013
321,322,BuzzFeedVideo,"20,200,000","17,844,881,541","7,477",People & Blogs,2011
322,323,Romeo Santos,"20,200,000","16,053,917,113",53,Music,2005
323,324,Alejo Igoa,"20,200,000","8,466,520,358",754,Comedy,2014
324,325,invictor,"20,200,000","7,815,657,879","2,177",Gaming,2013
325,326,SlivkiShow,"20,200,000","4,530,671,605",446,Entertainment,2012
326,327,Totoy kids - Português,"20,200,000","4,196,825,167",240,Film & Animation,2014
327,328,5-Minute Crafts PLAY,"20,100,000","5,916,449,403","4,934",Howto & Style,2017
328,329,AuthenticGames,"20,100,000","8,887,964,445","4,799",Gaming,2011
329,330,Gulshan Kalra,"20,100,000","9,709,536,467",457,Howto & Style,2018
330,331,Mnet K-POP,"20,100,000","13,922,559,602","30,622",Entertainment,2006
331,332,mujjuu___14,"20,000,000","12,720,012,557",730,People & Blogs,2020
332,333,Pencilmation,"20,000,000","11,094,654,170","1,303",Film & Animation,2007
333,334,Skrillex,"20,000,000","6,438,877,934",191,Music,2010
334,335,Pentatonix,"20,000,000","5,939,617,823",253,Music,2011
335,336,Marvel Entertainment,"20,000,000","5,423,946,266","8,257",Entertainment,2005
336,337,Infinite,"20,000,000","4,721,367,276","1,563",Entertainment,2014
337,338,Vevo,"20,000,000","554,309,174","1,539",Music,2006
338,339,REACT,"20,000,000","13,034,733,249","4,042",Entertainment,2007
339,340,HaerteTest,"19,900,000","3,184,409,704","1,299",Science & Technology,2011
340,341,Kurzgesagt – In a Nutshell,"19,900,000","2,202,583,880",171,Education,2013
341,342,Got Talent Global,"19,900,000","3,575,349,122","2,020",Entertainment,2013
342,343,Fatos Desconhecidos,"19,900,000","3,492,581,724","5,703",Entertainment,2013
343,344,Khan GS Research Centre,"19,800,000","1,894,638,004",353,Education,2019
344,345,Noor Stars,"19,800,000","2,638,222,649",654,Comedy,2014
345,346,Dan Rhodes,"19,800,000","14,121,021,396","1,541",Entertainment,2015
346,347,Tilak,"19,800,000","7,980,058,405","4,929",Film & Animation,2020
347,348,The Royalty Family,"19,800,000","5,365,814,568",681,People & Blogs,2017
348,349,Deddy Corbuzier,"19,800,000","4,479,493,326","1,229",Entertainment,2009
349,350,JennaMarbles,"19,800,000","1,784,776,380",250,Comedy,2010
350,351,Linkin Park,"19,700,000","12,435,259,143",593,Music,2006
351,352,Gusttavo Lima Oficial,"19,700,000","12,914,685,124",349,Music,2010
352,353,NBA,"19,700,000","11,509,656,903","44,327",Sports,2005
353,354,Ninja Kidz TV,"19,700,000","10,043,931,480",279,Entertainment,2017
354,355,Robin Hood Gamer,"19,700,000","9,955,629,684","3,889",Entertainment,2014
355,356,Gordon Ramsay,"19,700,000","3,746,499,230","1,393",Entertainment,2006
356,357,Daniel LaBelle,"19,600,000","10,335,248,598",259,Comedy,2009
357,358,Minecraft - Topic,"19,500,000",0,0,https://us.youtubers.me/global/all/top-1000-most_subscribed-youtube-channels,2013
358,359,Village Cooking Channel,"19,500,000","5,091,483,300",219,Howto & Style,2018
359,360,BabyBus - Cerita & Lagu Anak-anak,"19,400,000","11,153,601,710",744,Education,2019
360,361,Troom Troom Es,"19,400,000","7,282,536,298","2,715",People & Blogs,2016
361,362,shane,"19,400,000","4,299,052,383",569,People & Blogs,2005
362,363,Green Gold TV - Official Channel,"19,300,000","9,348,596,042","1,159",Film & Animation,2011
363,364,Clash of Clans,"19,300,000","3,776,148,455",621,Gaming,2013
364,365,AS Gaming,"19,300,000","2,709,808,489","1,149",Gaming,2016
365,366,JukiLop,"19,300,000","1,561,914,983",85,People & Blogs,2017
366,367,Sourav Joshi Vlogs,"19,200,000","7,641,524,111","1,205",People & Blogs,2019
367,368,Rafa & Luiz,"19,200,000","7,026,825,607","2,519",Entertainment,2015
368,369,DLS News,"19,200,000","2,103,047,927","4,182",News & Politics,2017
369,370,TRT Originals Urdu,"19,200,000","8,094,731,450",881,Entertainment,2020
370,371,CookieSwirlC,"19,100,000","22,112,969,982","3,660",Entertainment,2013
371,372,हिंदी - Genevieve's Playhouse,"19,100,000","10,298,145,297",100,Education,2018
372,373,Vlad and Niki IDN,"19,100,000","9,000,927,897",444,https://us.youtubers.me/global/all/top-1000-most_subscribed-youtube-channels,2018
373,374,Britain's Got Talent,"19,100,000","10,861,607,676","3,882",Entertainment,2008
374,375,Jimmy Kimmel Live,"19,000,000","12,813,467,160","6,355",Entertainment,2006
375,376,MiawAug,"19,000,000","5,636,137,133","3,488",Gaming,2014
376,377,Crafty Panda,"19,000,000","5,746,273,984",689,People & Blogs,2017
377,378,Official Pink Panther,"18,900,000","10,387,951,650",673,Film & Animation,2013
378,379,SCTV,"18,900,000","9,298,810,737","49,523",Entertainment,2011
379,380,Lil Nas X,"18,900,000","6,017,123,758",37,Music,2018
380,381,DUDU e CAROL,"18,900,000","7,666,147,546","2,908",Autos & Vehicles,2013
381,382,Sonotek,"18,900,000","7,381,208,895","8,222",Entertainment,2011
382,383,Sidhu Moose Wala,"18,700,000","5,223,654,445",112,Music,2017
383,384,Calvin Harris,"18,700,000","15,404,239,913",76,Music,2007
384,385,Cardi B,"18,700,000","7,357,083,297",60,People & Blogs,2016
385,386,ElTrollino,"18,700,000","5,821,736,442","1,539",Entertainment,2013
386,387,TheOdd1sOut,"18,700,000","4,323,487,943",129,Comedy,2014
387,388,Emiway Bantai,"18,700,000","3,241,027,636",213,Music,2013
388,389,HiMan,"18,600,000","2,625,744,578",352,People & Blogs,2014
389,390,Vijay Television,"18,600,000","23,853,253,686","37,729",Entertainment,2007
390,391,Kiddiestv Hindi - Nursery Rhymes & Kids Songs,"18,600,000","6,734,367,221",206,Education,2017
391,392,Мирошка ТВ,"18,600,000","4,794,323,084",97,Education,2018
392,393,Stokes Twins,"18,600,000","3,637,385,950",236,People & Blogs,2008
393,394,KBS WORLD TV,"18,600,000","14,504,815,566","61,206",Entertainment,2007
394,395,FIFA,"18,600,000","5,071,198,262","10,412",Sports,2006
395,396,The ACE Family,"18,600,000","4,537,971,345",705,People & Blogs,2016
396,397,Turma da Mônica,"18,500,000","13,525,916,236","1,134",Film & Animation,2012
397,398,etvteluguindia,"18,500,000","21,334,941,386","118,601",Entertainment,2010
398,399,CKN,"18,500,000","11,925,825,823",473,Entertainment,2015
399,400,shakiraVEVO,"18,400,000","23,689,186,601",191,Music,2009
400,401,Shorts Break,"18,400,000","12,771,152,207",351,Comedy,2021
401,402,Farruko,"18,400,000","9,020,045,767",204,Music,2009
402,403,TheWillyrex,"18,400,000","6,977,925,438","6,819",Comedy,2011
403,404,Познаватель,"18,300,000","9,107,660,642",499,Entertainment,2014
404,405,Little Angel Español - Canciones Infantiles,"18,300,000","8,959,749,076",639,Education,2018
405,406,Dan-Sa / Daniel Saboya,"18,300,000","6,328,088,383","2,378",Music,2007
406,407,PDK Films,"18,300,000","4,002,276,841",110,Entertainment,2009
407,408,Vsauce,"18,300,000","2,527,403,149",414,Science & Technology,2007
408,409,Bizarrap,"18,200,000","6,197,013,583",81,Comedy,2017
409,410,MrBeast 2,"18,200,000","2,704,243,391",107,People & Blogs,2020
410,411,7clouds,"18,200,000","13,041,283,902","2,187",Music,2013
411,412,Unbox Therapy,"18,200,000","4,413,653,121","2,096",Science & Technology,2010
412,413,INCRÍVEL,"18,200,000","3,120,813,439","6,192",People & Blogs,2017
413,414,That Little Puff,"18,100,000","15,908,801,249",648,Pets & Animals,2020
414,415,GEN HALILINTAR,"18,100,000","3,225,823,404",999,Entertainment,2015
415,416,Sony AATH,"18,100,000","12,395,713,325","16,520",Shows,2013
416,417,SOMOY TV,"18,100,000","10,663,606,796","122,409",News & Politics,2015
417,418,Good Mythical Morning,"18,100,000","8,423,256,648","3,123",Entertainment,2008
418,419,Ali-A,"18,100,000","5,876,845,993","4,009",Gaming,2006
419,420,TED-Ed,"18,100,000","3,461,555,664","2,006",Education,2011
420,421,Naisa Alifia Yuriza (N.A.Y),"18,100,000","2,721,117,176","1,511",People & Blogs,2017
421,422,Like Nastya Vlog,"18,100,000","7,829,592,220",445,People & Blogs,2016
422,423,Marmok,"18,100,000","3,282,682,574",356,Gaming,2008
423,424,RsiamMusic : อาร์สยาม,"18,000,000","11,236,193,123","2,775",Music,2011
424,425,Masha e o Urso,"18,000,000","7,708,404,844",952,Shows,2016
425,426,David Dobrik,"18,000,000","7,133,819,223",536,People & Blogs,2014
426,427,RKD Studios,"18,000,000","4,830,469,564",721,Entertainment,2014
427,428,Zach Choi ASMR,"18,000,000","3,879,359,888",742,People & Blogs,2014
428,429,SUPER SLICK SLIME SAM,"18,000,000","6,536,886,700",817,Howto & Style,2018
429,430,GRAMMY GOLD OFFICIAL,"17,900,000","19,096,510,006","5,960",Music,2014
430,431,Demi Lovato,"17,900,000","6,692,528,239",302,Music,2008
431,432,Vlad and Niki ESP,"17,900,000","6,840,934,495",461,https://us.youtubers.me/global/all/top-1000-most_subscribed-youtube-channels,2018
432,433,YOLO,"17,800,000","1,045,473,522",181,Comedy,2015
433,434,Lele Pons,"17,800,000","5,064,880,709",190,Comedy,2015
434,435,ArianaGrandeVevo,"17,800,000","19,536,373,590",177,Music,2010
435,436,Mother Goose Club Playhouse,"17,800,000","15,855,344,146","1,355",Shows,2009
436,437,officialpsy,"17,800,000","10,278,257,112",123,Music,2010
437,438,Sebastián Yatra,"17,800,000","9,896,953,778",223,News & Politics,2013
438,439,TheGrefg,"17,800,000","6,224,159,661","3,423",Gaming,2012
439,440,Lil Pump,"17,800,000","4,151,057,085",60,Music,2015
440,441,LIV Crime,"17,700,000","9,087,666,286","6,847",People & Blogs,2020
441,442,Dhar Mann,"17,700,000","10,106,144,506",780,People & Blogs,2018
442,443,SQUEEZIE,"17,700,000","9,615,343,524","1,496",Gaming,2011
443,444,RobleisIUTU,"17,600,000","4,945,831,582","1,209",Entertainment,2013
444,445,Sidemen,"17,600,000","4,757,429,214",288,Entertainment,2015
445,446,شبكة العاب العرب | Arab Games Network,"17,600,000","8,214,755,372","5,854",Gaming,2013
446,447,Porta dos Fundos,"17,600,000","7,507,770,910","2,084",Entertainment,2012
447,448,unknown boy varun,"17,600,000","6,711,838,849",306,Music,2016
448,449,Goldmines Great Indian Comedy,"17,600,000","4,718,631,830","2,240",Film & Animation,2016
449,450,JFlaMusic,"17,600,000","3,740,227,273",313,Music,2011
450,451,FactTechz,"17,600,000","2,174,714,518",629,Entertainment,2016
451,452,Alan Chikin Chow,"17,500,000","18,751,898,909",665,Comedy,2020
452,453,Dangal TV Channel,"17,500,000","10,634,149,767","13,585",Entertainment,2017
453,454,Shemaroo Comedy,"17,500,000","5,521,857,617","3,909",Entertainment,2007
454,455,Triggered Insaan,"17,500,000","2,890,143,198",279,Comedy,2014
455,456,Fede Vigevani,"17,500,000","5,618,139,731",938,Howto & Style,2009
456,457,Stubborn Facts,"17,400,000","882,443,900",256,Film & Animation,2016
457,458,Smile Family Spanish,"17,400,000","6,613,190,306",391,https://us.youtubers.me/global/all/top-1000-most_subscribed-youtube-channels,2019
458,459,Manual do Mundo,"17,400,000","3,695,346,065","2,266",Howto & Style,2006
459,460,Jane ASMR 제인,"17,300,000","6,926,201,406","1,719",https://us.youtubers.me/global/all/top-1000-most_subscribed-youtube-channels,2012
460,461,李子柒 Liziqi,"17,300,000","2,885,085,503",128,Howto & Style,2017
461,462,PopularMMOs,"17,200,000","14,524,539,590","4,685",Gaming,2012
462,463,SonyMusicSouthVEVO,"17,200,000","16,475,440,230","5,392",Music,2014
463,464,IGN,"17,200,000","15,298,075,378","152,548",Gaming,2006
464,465,الـريماس - Al-Remas,"17,200,000","10,987,905,421","2,106",Music,2013
465,466,Jason Derulo,"17,200,000","9,153,296,657",496,Music,2008
466,467,Zuni and Family,"17,200,000","6,384,571,384",190,People & Blogs,2017
467,468,Liza Koshy,"17,200,000","2,607,019,595",189,Comedy,2013
468,469,Willyrex,"17,100,000","4,910,825,286","7,169",Gaming,2009
469,470,Blippi - Educational Videos for Kids,"17,100,000","13,959,924,964",559,Education,2014
470,471,HowToBasic,"17,100,000","3,617,767,355",568,Howto & Style,2011
471,472,Akshay Nagwadiya,"17,000,000","5,989,666,543",421,Entertainment,2017
472,473,LuisFonsiVEVO,"17,000,000","14,253,357,504",96,Music,2009
473,474,Gaby and Alex,"17,000,000","8,040,940,941",353,Entertainment,2012
474,475,zbing z.,"17,000,000","8,750,698,468","2,944",Gaming,2014
475,476,Anitta,"17,000,000","6,999,595,709",112,Music,2011
476,477,EeOneGuy,"17,000,000","3,816,302,459",366,Entertainment,2013
477,478,Katie Angel,"17,000,000","3,442,581,311",828,People & Blogs,2015
478,479,tanboy kun,"17,000,000","3,346,610,028",659,People & Blogs,2016
479,480,Ben Azelart,"16,900,000","3,253,691,948",267,Film & Animation,2014
480,481,Guava Juice,"16,900,000","8,960,360,548","1,849",Gaming,2006
481,482,Busy Fun Ltd,"16,900,000","6,712,353,097",176,https://us.youtubers.me/global/all/top-1000-most_subscribed-youtube-channels,2019
482,483,Doggy Doggy Cartoons,"16,800,000","6,498,360,254","4,723",Entertainment,2012
483,484,Azhan5star,"16,800,000","8,351,014,001",507,Entertainment,2021
484,485,News24,"16,800,000","7,205,305,527","186,542",News & Politics,2014
485,486,TheBrianMaps,"16,800,000","4,249,047,639",487,Comedy,2012
486,487,Apple,"16,800,000","942,922,750",205,Science & Technology,2005
487,488,SMOL,"16,800,000","18,006,604,541","2,813",People & Blogs,2021
488,489,MissaSinfonia,"16,800,000","2,103,205,523",231,Comedy,2011
489,490,Jason Vlogs,"16,700,000","8,294,504,544",712,Education,2015
490,491,TRANS TV Official,"16,700,000","9,293,500,431","136,669",Entertainment,2014
491,492,And TV,"16,700,000","13,143,495,790","28,646",Entertainment,2015
492,493,Les' Copaque Production,"16,700,000","8,363,104,683","1,518",Film & Animation,2009
493,494,Wow Kidz Action,"16,700,000","7,351,212,171","1,522",Film & Animation,2017
494,495,Miley Cyrus,"16,700,000","6,589,244,611",131,Entertainment,2009
495,496,Tu COSMOPOLIS,"16,700,000","4,984,777,868","7,718",People & Blogs,2014
496,497,DeToxoMoroxo,"16,700,000","2,254,760,246",514,Entertainment,2012
497,498,Prajapati News,"16,700,000","958,355,786","1,242",Comedy,2013
498,499,Queen Official,"16,600,000","10,280,190,536",930,Music,2008
499,500,Like Nastya VNM,"16,600,000","9,054,329,371",517,Entertainment,2019
500,501,Spider Slack,"16,600,000","9,948,034,173",677,Comedy,2020
501,502,El Reino a Jugar,"16,600,000","10,834,472,832",923,Education,2015
502,503,Marques Brownlee,"16,600,000","3,320,565,650","1,505",Science & Technology,2008
503,504,Werever2morro,"16,600,000","2,788,971,456",973,Entertainment,2007
504,505,Tsuriki Show,"16,600,000","24,308,798,996","2,158",Entertainment,2019
505,506,The Game Theorists,"16,500,000","3,707,682,281",683,Gaming,2009
506,507,AMARINTV : อมรินทร์ทีวี,"16,500,000","11,868,564,808","102,057",Entertainment,2014
507,508,VICE,"16,500,000","4,417,232,834","3,786",Entertainment,2005
508,509,IDEAS EN 5 MINUTOS,"16,500,000","3,603,087,973","5,070",Howto & Style,2017
509,510,Aayu and Pihu Show,"16,400,000","8,503,559,876",394,Comedy,2017
510,511,Travis Scott,"16,400,000","7,561,196,221",13,Music,2013
511,512,FailArmy,"16,300,000","2,474,948,866",381,Comedy,2011
512,513,Pop Chartbusters,"16,300,000","8,242,919,144","2,184",Music,2011
513,514,ExtraPolinesios,"16,300,000","4,757,748,651",494,People & Blogs,2012
514,515,Kaykai Salaider,"16,300,000","4,356,942,977",410,Comedy,2011
515,516,Sandra Cires Art,"16,300,000","3,846,664,788","1,071",Howto & Style,2011
516,517,W2S,"16,300,000","4,742,756,117",652,Gaming,2012
517,518,PANDA BOI,"16,300,000","10,742,466,800",798,Entertainment,2020
518,519,Ivana Alawi,"16,200,000","1,236,540,816",162,https://us.youtubers.me/global/all/top-1000-most_subscribed-youtube-channels,2018
519,520,JJ Olatunji,"16,200,000","3,918,358,139","1,243",Gaming,2011
520,521,Sagawa /さがわ,"16,200,000","13,685,363,296","4,602",Entertainment,2021
521,522,Little Mix,"16,200,000","7,286,908,606",278,Music,2011
522,523,Boyce Avenue,"16,200,000","6,406,528,293",449,Music,2007
523,524,Gato Galactico | GALÁXIA,"16,200,000","6,004,959,028","2,376",Film & Animation,2013
524,525,Kids Play,"16,100,000","7,878,433,444",568,Entertainment,2018
525,526,Canal IN,"16,100,000","2,632,505,818",723,People & Blogs,2017
526,527,Pitbull,"16,100,000","11,967,155,018",329,Music,2006
527,528,With Kids[위드키즈],"16,100,000","8,485,722,090",868,Entertainment,2012
528,529,FunFun Toy Doll TV,"16,100,000","7,196,345,505",716,Entertainment,2016
529,530,Camila Cabello,"16,100,000","6,348,729,079",80,Music,2015
530,531,Matt Stonie,"16,100,000","3,417,845,312",419,Entertainment,2012
531,532,Antrax,"16,100,000","2,996,209,632",675,Gaming,2015
532,533,Like Nastya IDN,"16,000,000","6,888,875,020",487,Entertainment,2019
533,534,RCTI - LAYAR DRAMA INDONESIA,"16,000,000","12,747,937,025","64,854",Entertainment,2015
534,535,Jennifer Lopez,"16,000,000","9,858,663,362",234,Music,2005
535,536,AdMe,"15,900,000","4,252,623,917","5,862",Entertainment,2015
536,537,jeffreestar,"15,900,000","2,592,651,786",433,Howto & Style,2006
537,538,DopeLyrics,"15,900,000","9,894,008,410","1,981",Music,2016
538,539,Enes Batur,"15,900,000","9,619,633,601","1,986",Gaming,2012
539,540,El Payaso Plim Plim,"15,900,000","14,409,863,239","1,103",Film & Animation,2013
540,541,SAM SMITH,"15,900,000","9,495,750,368",158,Music,2012
541,542,SriBalajiMovies,"15,800,000","8,671,201,657","17,382",Entertainment,2011
542,543,Lahari Music | T-Series,"15,800,000","11,199,713,086","8,490",Music,2011
543,544,wifistudy,"15,800,000","2,928,896,155","49,021",Education,2014
544,545,FitDance,"15,800,000","6,854,636,069","4,126",Music,2013
545,546,T3ddy,"15,700,000","2,765,806,267","1,797",Comedy,2012
546,547,Technoblade,"15,700,000","1,570,800,772",989,Gaming,2013
547,548,Rotten Tomatoes Trailers,"15,700,000","12,949,835,683","9,944",Film & Animation,2011
548,549,Ch7HD,"15,700,000","8,793,190,045","47,605",Entertainment,2010
549,550,Dyland PROS,"15,700,000","1,389,142,126","2,275",Entertainment,2015
550,551,Live,"15,700,000",0,0,https://us.youtubers.me/global/all/top-1000-most_subscribed-youtube-channels,2015
551,552,Caeli YT,"15,600,000","1,510,667,954",551,Entertainment,2010
552,553,POPS Kids,"15,600,000","9,534,315,040","4,607",Music,2014
553,554,GMMTV OFFICIAL​​,"15,600,000","11,557,692,368","21,719",Entertainment,2010
554,555,NMF News,"15,600,000","6,782,488,106","102,935",News & Politics,2013
555,556,Camilo,"15,600,000","6,432,024,424",118,Music,2010
556,557,BBC News Hindi,"15,600,000","6,342,884,945","18,654",News & Politics,2009
557,558,News18 India,"15,600,000","5,860,579,687","150,702",News & Politics,2007
558,559,MSA previously My Story Animated,"15,600,000","6,963,014,694",956,Film & Animation,2019
559,560,CoryxKenshin,"15,500,000","6,483,995,439","1,674",Gaming,2009
560,561,LEGO,"15,500,000","19,694,349,295","29,522",Entertainment,2005
561,562,Дима Масленников,"15,500,000","2,225,693,980",412,Entertainment,2014
562,563,Thairath Online,"15,400,000","13,366,977,081","225,893",News & Politics,2010
563,564,La Rosa de Guadalupe,"15,400,000","8,901,924,388","6,670",Entertainment,2015
564,565,Roman Atwood Vlogs,"15,400,000","5,462,269,239","1,749",People & Blogs,2013
565,566,LOKESH GAMER,"15,400,000","1,592,421,777","1,278",Gaming,2017
566,567,Kerajinan 5-Menit,"15,300,000","4,576,518,768","3,781",People & Blogs,2018
567,568,MK MUSIC,"15,300,000","8,419,062,111","4,854",Music,2010
568,569,Aphmau,"15,300,000","15,163,928,090","4,184",Gaming,2012
569,570,Henrique e Juliano,"15,300,000","13,565,040,202",312,Music,2009
570,571,Volga Video,"15,300,000","9,504,390,823","19,496",Film & Animation,2012
571,572,Super Senya,"15,300,000","4,983,504,473",489,Entertainment,2016
572,573,TWICE,"15,300,000","4,388,859,333",976,Music,2016
573,574,Zach King,"15,300,000","2,460,524,932",409,Entertainment,2013
574,575,IShowSpeed,"15,300,000","1,173,340,373","1,217",Gaming,2016
575,576,5-Minute Crafts FAMILY,"15,300,000","5,866,531,040","3,803",People & Blogs,2018
576,577,حِرف إبداعية في 5 دقائق,"15,300,000","4,334,496,018","4,807",Howto & Style,2017
577,578,Musas,"15,200,000","2,376,552,971",612,Howto & Style,2012
578,579,Harsh Beniwal,"15,200,000","1,720,782,483",162,Comedy,2015
579,580,Oyuncak Avı,"15,200,000","8,244,957,082",625,Entertainment,2014
580,581,Bollywood Classics,"15,200,000","6,499,358,216","1,265",Entertainment,2011
581,582,Talking Tom & Friends,"15,200,000","6,380,721,763",405,Entertainment,2010
582,583,Totoy kids - Español,"15,200,000","5,445,559,517",302,Film & Animation,2017
583,584,zayn,"15,200,000","4,721,370,622",14,Music,2016
584,585,Ranz Kyle,"15,100,000","1,726,182,121",508,People & Blogs,2008
585,586,Linus Tech Tips,"15,100,000","6,566,938,287","6,048",Science & Technology,2008
586,587,Taarak Mehta Ka Ooltah Chashmah,"15,100,000","9,305,643,080","3,506",Entertainment,2014
587,588,Marta and Rustam,"15,100,000","16,065,818,431",571,Comedy,2021
588,589,AdeleVEVO,"15,100,000","11,918,454,879",52,Music,2009
589,590,Ajay Sharma,"15,100,000","10,806,573,025",764,Entertainment,2012
590,591,Team Films Bhojpuri,"15,100,000","6,409,533,930","20,099",Music,2014
591,592,Makiman131,"15,100,000","4,188,172,463","2,987",Gaming,2013
592,593,TheRichest,"15,100,000","2,945,021,956","2,286",Education,2014
593,594,League of Legends,"15,000,000","6,911,362,560","1,324",Gaming,2009
594,595,NDTV India,"15,000,000","6,251,404,518","76,615",News & Politics,2008
595,596,Arif muhammad,"15,000,000","3,717,214,603",480,People & Blogs,2017
596,597,Mariale,"15,000,000","2,670,473,667","2,087",Howto & Style,2010
597,598,Niana Guerrero,"15,000,000","1,420,188,529",416,Entertainment,2013
598,599,Dave and Ava - Nursery Rhymes and Baby Songs,"15,000,000","10,218,745,464",779,Education,2014
599,600,Unspeakable,"15,000,000","8,230,219,714",713,Gaming,2016
600,601,НТВ,"14,900,000","439,098",1,People & Blogs,2008
601,602,BIGBANG,"14,900,000","7,577,947,855",776,Music,2005
602,603,Lyna,"14,900,000","6,168,742,287","4,674",Gaming,2014
603,604,Zee Music Classic,"14,900,000","5,438,012,566","1,292",Music,2014
604,605,Daftar Populer,"14,900,000","2,013,468,687","3,336",Education,2017
605,606,Mobile Legends: Bang Bang Official,"14,900,000","2,994,145,139","3,194",Gaming,2016
606,607,It's Mamix,"14,800,000","1,687,036,510",210,People & Blogs,2017
607,608,Vlad and Niki ARA,"14,800,000","6,904,116,984",456,https://us.youtubers.me/global/all/top-1000-most_subscribed-youtube-channels,2019
608,609,Kwebbelkop,"14,800,000","6,745,121,120","5,094",Gaming,2008
609,610,Genierock,"14,800,000","13,968,497,628","1,612",Music,2008
610,611,Zé Neto e Cristiano,"14,800,000","10,783,179,824",276,Music,2012
611,612,UFC - Ultimate Fighting Championship,"14,800,000","6,018,053,330","13,234",Sports,2006
612,613,Lachlan,"14,800,000","5,132,197,532","3,754",Gaming,2013
613,614,ERB,"14,800,000","3,967,426,418",86,Entertainment,2006
614,615,iTownGamePlay *Terror&Diversión*,"14,800,000","4,878,915,354","8,034",Entertainment,2012
615,616,Reaction Time,"14,700,000","4,250,594,230","1,691",Entertainment,2015
616,617,Fueled By Ramen,"14,700,000","12,979,351,082","1,201",Music,2006
617,618,Major Lazer Official,"14,700,000","9,119,867,025",415,Music,2009
618,619,Jorge & Mateus Oficial,"14,700,000","8,531,197,930",315,Music,2008
619,620,Blippi Español,"14,700,000","8,365,145,978",502,People & Blogs,2017
620,621,How Ridiculous,"14,700,000","7,038,864,747",611,Sports,2009
621,622,Planeta das Gêmeas,"14,700,000","4,561,478,126",925,People & Blogs,2015
622,623,MattyBRaps,"14,700,000","3,433,181,614",188,Music,2010
623,624,The Slow Mo Guys,"14,700,000","2,419,017,151",306,Entertainment,2010
624,625,CollegeHumor,"14,600,000","7,417,360,246","4,234",Comedy,2006
625,626,حقائق وأسرار,"14,600,000","2,205,484,273","1,343",Entertainment,2016
626,627,IDEIAS INCRÍVEIS,"14,600,000","3,526,599,957","5,055",Howto & Style,2017
627,628,Dear Sir,"14,600,000","1,142,389,053",538,Education,2016
628,629,XpressTV,"14,600,000","3,776,846,510",661,Entertainment,2014
629,630,LeoNata Family,"14,600,000","20,308,004,462","1,767",People & Blogs,2021
630,631,CNN,"14,600,000","13,163,310,550","157,647",News & Politics,2005
631,632,ABS-CBN News,"14,600,000","9,938,076,313","183,459",News & Politics,2009
632,633,PlayStation,"14,600,000","4,489,317,917","18,950",Gaming,2005
633,634,Lilly Singh,"14,600,000","3,489,663,353",920,Comedy,2010
634,635,Canal Nostalgia,"14,600,000","1,470,903,214",417,Entertainment,2008
635,636,les boys tv2,"14,600,000","4,527,781,812",441,Entertainment,2017
636,637,Maha Fun Tv,"14,600,000","1,229,782,720",44,Entertainment,2017
637,638,O Canal do Joãozinho - Little Angel Português,"14,600,000","8,198,866,613",706,Entertainment,2018
638,639,Kuplinov ► Play,"14,600,000","6,250,633,875","6,485",Gaming,2012
639,640,Chad Wild Clay,"14,500,000","6,531,194,335",669,Comedy,2006
640,641,EdisonPts,"14,500,000","6,090,258,521","3,571",Gaming,2013
641,642,Yoeslan,"14,500,000","12,218,689,931",404,Entertainment,2020
642,643,LEGENDA FUNK,"14,500,000","1,314,916,113","2,389",Music,2013
643,644,Drawblogs,"14,500,000","1,712,621,922",400,Entertainment,2014
644,645,Fifth Harmony,"14,500,000","7,729,323,881",67,Music,2013
645,646,Martin Garrix,"14,500,000","5,781,932,607",342,Music,2011
646,647,Boram Tube ToysReview [보람튜브 토이리뷰],"14,500,000","4,970,086,311",591,People & Blogs,2016
647,648,Daily Dose Of Internet,"14,500,000","4,759,610,926",451,Entertainment,2015
648,649,Hongyu ASMR 홍유,"14,500,000","4,731,422,538",585,People & Blogs,2018
649,650,FC Barcelona,"14,500,000","2,392,738,126","10,386",Sports,2006
650,651,Gyan Gamingㅤ,"14,500,000","2,170,163,026","2,759",Gaming,2017
651,652,Maroon5VEVO,"14,500,000","19,451,808,105",143,Music,2009
652,653,SelenaGomezVEVO,"14,500,000","10,808,395,899",186,Music,2009
653,654,Jake Fellman,"14,400,000","11,093,115,317",425,Entertainment,2012
654,655,Hear This Music,"14,400,000","8,912,503,027",39,Music,2016
655,656,Kim Loaiza,"14,400,000","1,345,839,890",15,Music,2019
656,657,Super Polina,"14,400,000","4,769,579,782",544,People & Blogs,2014
657,658,A2 Motivation by Arvind Arora,"14,400,000","5,733,132,609","2,061",Entertainment,2017
658,659,ช่อง8 : Thai Ch8,"14,400,000","5,638,664,089","24,388",Entertainment,2011
659,660,DM - Desi Melodies,"14,400,000","5,388,394,805",55,Music,2017
660,661,Mohamed Ramadan I محمد رمضان,"14,400,000","4,967,167,049",601,People & Blogs,2014
661,662,Jordan Matter,"14,400,000","4,549,054,595",387,Entertainment,2006
662,663,Rclbeauty101,"14,400,000","3,882,397,491",462,Comedy,2010
663,664,Cyprien,"14,400,000","3,055,947,897",212,Comedy,2007
664,665,انصالة فاميلي I أنس و أصالة,"14,400,000","3,016,401,555",395,Entertainment,2017
665,666,Bispo Bruno Leonardo,"14,400,000","2,668,391,636","4,175",Nonprofits & Activism,2016
666,667,CrashCourse,"14,400,000","1,766,841,770","1,458",Education,2006
667,668,ГЛЕНТ,"14,300,000","1,298,647,040",272,People & Blogs,2019
668,669,Mazhavil Manorama,"14,300,000","15,032,205,882","78,669",Entertainment,2011
669,670,50 Cent,"14,300,000","9,326,000,286",417,Music,2007
670,671,SIS vs BRO,"14,300,000","6,880,342,887",358,Entertainment,2016
671,672,Трум Трум,"14,300,000","6,593,621,634","2,108",Howto & Style,2015
672,673,SRK MUSIC,"14,300,000","5,941,101,813","4,971",Music,2012
673,674,Camila Loures,"14,300,000","4,404,726,516","3,688",Music,2014
674,675,Rosanna Pansino,"14,300,000","4,374,008,476","1,106",Howto & Style,2010
675,676,Auron,"14,300,000","3,019,345,430",838,People & Blogs,2013
676,677,5-Minute Crafts Recycle,"14,200,000","8,280,623,350","3,266",People & Blogs,2019
677,678,Invento na Hora,"14,200,000","3,954,915,463","1,232",Film & Animation,2014
678,679,Doc Tops,"14,200,000","2,516,908,404",457,Entertainment,2014
679,680,Disney Junior,"14,200,000","13,991,553,391","3,643",Entertainment,2008
680,681,KOMPASTV,"14,200,000","10,910,667,115","245,453",News & Politics,2013
681,682,MNCTV OFFICIAL,"14,200,000","7,683,242,415","58,581",Entertainment,2012
682,683,Infobells Bangla,"14,200,000","6,926,902,432",309,Education,2016
683,684,Saad Lamjarred | سعد لمجرد,"14,200,000","4,115,740,719",158,Music,2012
684,685,The MriDul,"14,200,000","4,047,724,263",98,Comedy,2015
685,686,#Refugio Mental,"14,100,000","3,544,300,212",764,Entertainment,2013
686,687,NikkieTutorials,"14,100,000","1,672,330,718",866,Howto & Style,2008
687,688,Mis Pastelitos,"14,100,000","2,514,596,947",556,Howto & Style,2014
688,689,F2Freestylers - Ultimate Soccer Skills Channel,"14,100,000","3,210,551,602",769,Sports,2011
689,690,Мастерская Настроения,"14,100,000","3,808,039,710",963,Entertainment,2013
690,691,MalumaVEVO,"14,100,000","18,436,716,176",177,Music,2011
691,692,Aadishakti Films,"14,100,000","6,102,779,731","4,706",Music,2016
692,693,Katakit Baby TV,"14,100,000","5,811,945,530",196,Music,2010
693,694,Trap City,"14,100,000","5,004,580,463","2,638",Music,2012
694,695,melanie martinez,"14,100,000","4,028,748,305",96,Music,2007
695,696,Harry Styles,"14,000,000","5,083,756,024",14,People & Blogs,2017
696,697,Zig & Sharko,"14,000,000","8,683,956,869",898,Film & Animation,2015
697,698,PrestonPlayz,"14,000,000","5,195,437,365",801,Gaming,2018
698,699,AM3NlC,"14,000,000","4,889,142,949","5,614",Gaming,2012
699,700,Like Nastya Stories,"14,000,000","6,638,937,132",418,Entertainment,2019
700,701,ABC News,"14,000,000","12,266,150,289","76,462",News & Politics,2006
701,702,O Reino Infantil,"14,000,000","10,518,046,735","1,120",Music,2014
702,703,Telemundo,"14,000,000","8,202,234,385","18,798",Entertainment,2007
703,704,TazerCraft,"14,000,000","5,488,153,625","4,066",Gaming,2011
704,705,Bie The Ska,"14,000,000","4,498,785,156","1,448",Entertainment,2006
705,706,Juliana Baltar,"14,000,000","3,485,653,689","1,669",Entertainment,2010
706,707,GMM25Thailand,"14,000,000","8,821,803,304","60,211",Entertainment,2011
707,708,Neha Kakkar,"13,900,000","1,966,260,662",146,Music,2012
708,709,PowerfulJRE,"13,900,000","2,674,135,169",887,People & Blogs,2013
709,710,Ishaan Ali 11,"13,900,000","8,835,220,816",710,People & Blogs,2016
710,711,ماشا و الدب,"13,900,000","7,223,914,427",844,Shows,2017
711,712,tuzelity SHUFFLE,"13,900,000","6,142,842,116",782,People & Blogs,2015
712,713,DangMattSmith,"13,900,000","3,219,797,084","1,534",Entertainment,2011
713,714,NOBRU,"13,900,000","261,499,585",427,Gaming,2016
714,715,T-Series Hamaar Bhojpuri,"13,900,000","6,846,976,290","9,548",Entertainment,2011
715,716,Darkar Company Studios,"13,800,000","2,214,543,452",178,Film & Animation,2009
716,717,ZEE5,"13,800,000","17,189,678,828","89,656",Entertainment,2018
717,718,Sony Music South,"13,800,000","8,549,020,227","2,275",Music,2014
718,719,Ray William Johnson,"13,800,000","8,202,521,798","1,535",Entertainment,2008
719,720,Wish 107.5,"13,800,000","5,658,398,807","1,673",Music,2014
720,721,ADEL et SAMI,"13,800,000","5,216,526,296",422,Entertainment,2018
721,722,Coke Studio,"13,800,000","3,692,221,584",560,Music,2014
722,723,Narins Beauty,"13,800,000","2,147,505,352",422,Howto & Style,2014
723,724,MAIKI021,"13,700,000","1,916,175,410","3,162",Entertainment,2008
724,725,TV Ana Emilia,"13,700,000","4,525,713,851",577,People & Blogs,2014
725,726,FFUNTV,"13,700,000","10,608,345,270",376,Gaming,2018
726,727,Danny Fitt,"13,700,000","8,122,982,712","1,869",People & Blogs,2016
727,728,BBC News,"13,700,000","4,248,150,214","17,513",News & Politics,2006
728,729,Narendra Modi,"13,700,000","2,800,240,852","18,491",News & Politics,2007
729,730,Wengie,"13,600,000","1,889,199,744",414,Howto & Style,2010
730,731,PlayHard,"13,600,000","2,019,571,122","2,211",Gaming,2014
731,732,StudyIQ IAS,"13,600,000","3,504,832,993","39,036",Education,2015
732,733,Gallina Pintadita,"13,600,000","9,268,704,548",61,Music,2011
733,734,Wesley Safadão,"13,600,000","7,726,422,032",421,Music,2009
734,735,Crazy Frog,"13,600,000","7,399,861,178",37,Music,2009
735,736,infobells,"13,600,000","5,075,166,188",468,Education,2011
736,737,123 GO! Spanish,"13,600,000","4,871,205,567",420,People & Blogs,2019
737,738,MyMissAnand,"13,500,000","4,752,029,228",301,People & Blogs,2014
738,739,Atlantic Records,"13,500,000","11,999,986,364","1,492",Music,2006
739,740,dednahype,"13,500,000","13,757,629,009","1,210",Comedy,2020
740,741,ETV Jabardasth,"13,500,000","12,789,057,206","8,540",People & Blogs,2015
741,742,Sony LIV,"13,500,000","6,516,846,097","9,792",Entertainment,2014
742,743,FAPTV,"13,500,000","5,234,144,005",679,Comedy,2014
743,744,Lindsey Stirling,"13,500,000","3,659,466,058",197,Music,2007
744,745,The World Adventures हिन्दी,"13,500,000","2,129,901,800",935,People & Blogs,2016
745,746,JD Pantoja,"13,500,000","1,426,482,050",16,People & Blogs,2017
746,747,Netflix Jr.,"13,400,000","8,144,734,008","1,733",Education,2012
747,748,Поззи,"13,400,000","6,631,847,487","3,116",People & Blogs,2012
748,749,Rebecca Zamolo,"13,400,000","5,504,071,291",903,Comedy,2011
749,750,AzzyLand,"13,400,000","6,130,084,420","1,629",Gaming,2015
750,751,Desi Gamers,"13,400,000","2,030,227,951","1,315",Gaming,2015
751,752,H2ODelirious,"13,300,000","4,286,767,975","3,286",Gaming,2007
752,753,Crescendo com Luluca,"13,300,000","4,646,460,697","1,203",Entertainment,2015
753,754,T-Series Regional,"13,300,000","4,958,656,890","15,041",Entertainment,2011
754,755,Veritasium,"13,300,000","1,958,582,942",350,Education,2010
755,756,Conor Maynard,"13,300,000","2,665,397,983",284,Music,2006
756,757,jbalvinVEVO,"13,300,000","20,219,708,239",235,Music,2010
757,758,Saturday Night Live,"13,300,000","14,095,534,282","8,159",Entertainment,2013
758,759,The Q,"13,300,000","4,179,824,130",288,People & Blogs,2017
759,760,Kurt Hugo Schneider,"13,300,000","3,705,891,507",692,Entertainment,2007
760,761,Anaysa,"13,300,000","3,283,873,970",513,Howto & Style,2012
761,762,NishaMadhulika,"13,300,000","2,795,305,843","2,104",Howto & Style,2009
762,763,BBC,"13,200,000","9,296,738,948","14,156",Pets & Animals,2005
763,764,Zee Telugu,"13,200,000","9,265,994,462","104,189",Entertainment,2008
764,765,karameeshchannel,"13,200,000","8,883,292,835","2,178",Entertainment,2012
765,766,Meghan Trainor,"13,200,000","7,822,230,597",148,People & Blogs,2008
766,767,theRadBrad,"13,200,000","5,932,290,734","7,961",Gaming,2006
767,768,Jazzghost,"13,200,000","5,078,316,051","5,312",Gaming,2012
768,769,VexTrex,"13,100,000","7,736,404,007","3,500",Entertainment,2014
769,770,Brawl Stars,"13,100,000","1,944,961,599",155,Gaming,2017
770,771,Matt Steffanina,"13,100,000","3,140,352,689",523,Entertainment,2011
771,772,JOJO TV - Hindi Stories,"13,100,000","4,955,237,714","1,006",Education,2016
772,773,Typical Gamer,"13,100,000","4,072,134,308","4,069",Gaming,2008
773,774,أترو/Atro,"13,100,000","2,244,181,201","1,712",Gaming,2017
774,775,O Que Não Dizer Oficial,"13,100,000","1,723,601,563",574,Comedy,2015
775,776,Jamuna TV,"13,100,000","10,958,457,763","97,033",News & Politics,2017
776,777,Kids TV India Hindi Nursery Rhymes,"13,100,000","6,194,817,833","1,272",Shows,2014
777,778,The LaBrant Fam,"13,100,000","4,577,161,512",595,Comedy,2012
778,779,ATHLEAN-X™,"13,100,000","2,233,627,821","1,314",Howto & Style,2006
779,780,DALLMYD,"13,100,000","1,773,415,670",393,Sports,2011
780,781,Alex Gonzaga Official,"13,100,000","1,360,273,293",252,People & Blogs,2017
781,782,Come Play With Me,"13,100,000","15,474,314,657",386,Entertainment,2014
782,783,Lady Diana,"13,100,000","7,814,517,029","1,346",Entertainment,2016
783,784,sagar kalra (Shorts),"13,000,000","5,483,428,689",401,People & Blogs,2017
784,785,Think Music India,"13,000,000","9,958,947,026","4,452",Music,2009
785,786,Hacksmith Industries,"13,000,000","1,408,649,134",791,Science & Technology,2006
786,787,Matheus Yurley,"13,000,000","139,450,407",68,Entertainment,2015
787,788,CookingShooking Hindi,"13,000,000","1,684,387,848",393,People & Blogs,2017
788,789,Mythpat,"13,000,000","2,792,917,860",337,Entertainment,2018
789,790,Calon Sarjana,"13,000,000","10,664,585",29,Entertainment,2016
790,791,Everson Zoio,"13,000,000","1,004,312,062",594,Comedy,2009
791,792,Zee Bangla,"13,000,000","8,095,947,007","101,353",Entertainment,2008
792,793,RedeTV,"13,000,000","5,243,538,335","33,816",Entertainment,2011
793,794,twenty one pilots,"13,000,000","4,940,473,759",182,Music,2009
794,795,Ei Nerd,"13,000,000","3,398,836,213","5,651",Entertainment,2013
795,796,Goldmines Premiere,"13,000,000","1,781,566,597",653,Entertainment,2013
796,797,DJ Khaled,"12,900,000","6,405,935,489",59,Music,2018
797,798,Mrwhosetheboss,"12,900,000","2,522,365,187","1,488",Science & Technology,2011
798,799,Top Viral Talent,"12,900,000","3,847,800,217","1,865",Entertainment,2014
799,800,EnriqueIglesiasVEVO,"12,900,000","15,018,595,817",136,Music,2009
800,801,Colors Rishtey,"12,900,000","10,739,183,295","18,371",Entertainment,2013
801,802,RS 1313 SHORTS,"12,900,000","6,767,680,381","4,660",Entertainment,2020
802,803,Компот,"12,900,000","6,687,118,830","2,025",Gaming,2013
803,804,Lana Del Rey,"12,900,000","6,183,850,559",40,Music,2011
804,805,Awakening Music,"12,900,000","5,196,501,306",745,Music,2006
805,806,Hungria Hip Hop,"12,900,000","4,296,055,045",50,Music,2013
806,807,The Shiny Peanut,"12,900,000","2,840,870,688","2,337",Education,2016
807,808,DeGoBooM,"12,900,000","5,257,749,726","3,394",Gaming,2014
808,809,Peppa Pig em Português Brasil - Canal Oficial,"12,800,000","4,055,556,450","1,231",Film & Animation,2014
809,810,BeyoncéVEVO,"12,800,000","13,662,997,727",169,Music,2009
810,811,#Refúgio Mental,"12,800,000","2,659,524,359",819,Entertainment,2013
811,812,Trakin Tech,"12,800,000","2,024,906,006","3,450",Science & Technology,2011
812,813,Kabita's Kitchen,"12,800,000","2,516,352,711","1,329",Howto & Style,2014
813,814,BIBO와 장난감,"12,800,000","3,085,412,541",170,Entertainment,2016
814,815,7 Minutoz,"12,800,000","4,153,844,467",521,Music,2012
815,816,Knowledge Tv हिन्दी,"12,800,000","1,768,376,077","1,692",People & Blogs,2014
816,817,MrSuicideSheep,"12,800,000","6,857,230,232","3,338",Entertainment,2010
817,818,Ami Rodriguez,"12,800,000","2,081,891,117",377,Entertainment,2009
818,819,E-MasterSensei,"12,800,000","3,587,873,026","1,228",Gaming,2016
819,820,Geo News,"12,800,000","4,925,451,240","172,983",News & Politics,2007
820,821,GMA News,"12,800,000","11,220,255,933","342,802",News & Politics,2007
821,822,Codiscos,"12,800,000","10,763,457,454","7,174",Music,2007
822,823,Blockbuster Movies,"12,800,000","2,515,063,658",463,Entertainment,2016
823,824,TV9 Bharatvarsh,"12,800,000","8,736,936,076","233,127",People & Blogs,2018
824,825,The Dodo,"12,800,000","8,683,276,984","7,397",Pets & Animals,2014
825,826,Luli Pampín,"12,800,000","7,128,616,807",246,Music,2012
826,827,The Infographics Show,"12,800,000","4,872,169,397","3,817",Education,2011
827,828,Lokdhun Punjabi,"12,800,000","4,552,563,710","1,400",Music,2010
828,829,Sonotek Bhakti,"12,800,000","3,902,273,032","7,752",Entertainment,2010
829,830,Indore Physical Academy,"12,800,000","3,624,179,675","1,512",People & Blogs,2014
830,831,Wolfoo Channel,"12,800,000","3,384,474,222",623,https://us.youtubers.me/global/all/top-1000-most_subscribed-youtube-channels,2019
831,832,Yudist Ardhana,"12,700,000","4,862,085,005","2,414",Entertainment,2016
832,833,RaptorGamer,"12,700,000","2,704,763,663","1,303",People & Blogs,2016
833,834,Kids Line♡キッズライン,"12,700,000","11,198,318,568","2,783",People & Blogs,2011
834,835,JesseAndMike,"12,700,000","9,481,436,539",656,Entertainment,2007
835,836,Влад и Никита,"12,700,000","7,751,585,555",449,https://us.youtubers.me/global/all/top-1000-most_subscribed-youtube-channels,2018
836,837,Troom Troom India,"12,700,000","6,608,476,174","2,199",Howto & Style,2015
837,838,My Mate Nate,"12,700,000","3,008,638,341","1,107",Comedy,2014
838,839,gymvirtual,"12,700,000","2,430,526,081","1,500",Sports,2010
839,840,Davie504,"12,600,000","2,498,175,486",806,Entertainment,2011
840,841,NickiMinajAtVEVO,"12,600,000","8,617,068,421",98,Music,2010
841,842,Луномосик,"12,600,000","5,848,562,902",538,People & Blogs,2015
842,843,Blossom,"12,600,000","4,527,850,608",674,Howto & Style,2017
843,844,Adexe & Nau,"12,600,000","4,514,074,611",582,Music,2013
844,845,BanderitaX,"12,600,000","3,690,336,615","1,559",Gaming,2013
845,846,Technology Gyan,"12,600,000","1,031,637,100",969,Science & Technology,2015
846,847,Health Time,"12,600,000","992,361,227","1,687",Howto & Style,2016
847,848,Melon City Show - برنامج ولاية بطيخ,"12,600,000","5,692,761,946","1,715",Comedy,2016
848,849,WiederDude,"12,500,000","2,454,705,246",281,https://us.youtubers.me/global/all/top-1000-most_subscribed-youtube-channels,2016
849,850,elliegoulding,"12,500,000","6,751,007,251",155,Music,2007
850,851,TKOR,"12,500,000","3,361,880,534","1,481",Education,2010
851,852,Vogue,"12,500,000","3,776,103,044","2,877",Entertainment,2008
852,853,Ja Mill,"12,500,000","1,302,818,088",567,People & Blogs,2016
853,854,Priyal Kukreja,"12,500,000","7,984,381,092",613,People & Blogs,2021
854,855,Little Baby Bum en Español,"12,500,000","6,850,021,546","1,316",Education,2014
855,856,Republic Bharat,"12,500,000","5,973,835,941","64,600",News & Politics,2019
856,857,Parafernalha,"12,500,000","4,582,763,542","1,721",Entertainment,2011
857,858,Talking Angela,"12,500,000","3,433,210,811",217,Entertainment,2014
858,859,CaseyNeistat,"12,500,000","3,107,426,903","1,089",People & Blogs,2010
859,860,Piuzinho,"12,500,000","1,054,626,166",478,Gaming,2015
860,861,SAAIHALILINTAR,"12,500,000","1,108,603,203",408,Entertainment,2012
861,862,Jass Records,"12,500,000","5,649,739,561","4,968",Music,2014
862,863,LOUD,"12,400,000","2,358,986,498","1,155",Gaming,2019
863,864,Koray Zeynep,"12,400,000","14,695,012,005","12,655",People & Blogs,2016
864,865,Heidi and Zidane HZHtube,"12,400,000","3,606,270,407",681,Entertainment,2015
865,866,DisneyChannelUK,"12,400,000","11,821,116,201","3,284",Music,2007
866,867,Rauw Alejandro,"12,400,000","10,418,976,938",141,Music,2014
867,868,Future,"12,400,000","9,328,021,218",59,Music,2011
868,869,Just For Laughs Gags,"12,400,000","7,886,065,029","7,278",Comedy,2007
869,870,Heroindori,"12,400,000","6,487,369,114",336,Comedy,2020
870,871,Duo Tiempo De Sol,"12,400,000","6,256,144,602",301,Music,2013
871,872,infobells - Kannada,"12,400,000","5,744,088,014",379,Education,2014
872,873,Troom Troom PT,"12,400,000","4,302,109,080","2,553",Howto & Style,2015
873,874,Gibby :),"12,400,000","2,814,118,004",216,People & Blogs,2014
874,875,People Vs Food,"12,400,000","1,050,713,750",479,Entertainment,2013
875,876,Wolfoo Family,"12,400,000","3,120,045,865",631,https://us.youtubers.me/global/all/top-1000-most_subscribed-youtube-channels,2019
876,877,Eli Kids - Cartoons & Songs,"12,300,000","3,715,871,927",457,https://us.youtubers.me/global/all/top-1000-most_subscribed-youtube-channels,2018
877,878,Migos ATL,"12,300,000","6,690,382,235",100,Music,2012
878,879,Acenix,"12,300,000","1,852,421,314",304,Gaming,2014
879,880,Más SKabeche,"12,300,000","2,955,450,684",697,Travel & Events,2015
880,881,SR Toys Collection,"12,300,000","4,018,076,796",984,Entertainment,2012
881,882,办公室小野 Ms Yeah,"12,300,000","3,888,668,815",400,People & Blogs,2017
882,883,웃웃TwinsFromRussia,"12,300,000","8,670,899,572","5,382",People & Blogs,2011
883,884,Akon,"12,300,000","5,780,108,081",43,Music,2005
884,885,Wave Music Bhakti,"12,300,000","5,030,056,103","19,534",Music,2011
885,886,NDTV,"12,300,000","4,803,479,418","138,620",Entertainment,2006
886,887,CHHOTU KI MASTI,"12,300,000","4,313,298,357",112,Comedy,2018
887,888,Its JoJo Siwa,"12,300,000","3,948,740,983",735,Entertainment,2015
888,889,MC Divertida,"12,200,000","4,748,565,465",353,Entertainment,2018
889,890,Troom Troom Indonesia,"12,200,000","5,186,482,167","1,688",People & Blogs,2019
890,891,jaanvi patel,"12,200,000","5,430,906,777",419,People & Blogs,2018
891,892,YoungBoy Never Broke Again,"12,200,000","12,118,657,768",590,Entertainment,2015
892,893,SEVENGERS,"12,200,000","8,396,773,331",714,Comedy,2018
893,894,DaniRep | +6 Vídeos Diarios De GTA 5 Online!,"12,200,000","6,632,558,338","11,556",Gaming,2012
894,895,Ice Cream Rolls,"12,200,000","1,538,871,204","1,691",Entertainment,2011
895,896,colinfurze,"12,200,000","1,524,031,933",375,Entertainment,2006
896,897,Kylie Jenner,"12,200,000","777,504,993",153,People & Blogs,2015
897,898,Bela Bagunça,"12,200,000","2,821,237,136",987,People & Blogs,2015
898,899,deepesh zo,"12,100,000","5,655,945,454",392,People & Blogs,2021
899,900,Timba Vk,"12,100,000","2,686,843,858",919,Gaming,2012
900,901,THE BROWN SIBLINGS,"12,100,000","7,425,242,681",764,Entertainment,2016
901,902,Yair17,"12,100,000","1,305,860,534","1,030",Gaming,2014
902,903,penguinz0,"12,100,000","6,704,978,227","4,270",Gaming,2007
903,904,Avril Lavigne,"12,100,000","5,905,100,328",163,Music,2005
904,905,Heidi y Zidane,"12,100,000","5,772,331,296",531,https://us.youtubers.me/global/all/top-1000-most_subscribed-youtube-channels,2019
905,906,Маша та Ведмідь,"12,100,000","5,223,502,987","1,082",Shows,2014
906,907,123 GO!,"12,100,000","4,528,828,203",457,People & Blogs,2019
907,908,Lulu99,"12,100,000","2,227,343,024",542,Entertainment,2015
908,909,Panda,"12,100,000","2,084,417,860","1,444",https://us.youtubers.me/global/all/top-1000-most_subscribed-youtube-channels,2018
909,910,Nat and Essie,"12,000,000","7,085,568,806","1,062",Film & Animation,2015
910,911,Planet Earth INDIA,"12,000,000","1,767,257,262",647,People & Blogs,2011
911,912,eltrece,"12,000,000","11,599,265,811","157,752",Entertainment,2014
912,913,NATTI NATASHA,"12,000,000","7,640,979,425",163,Music,2015
913,914,Mor Haryanvi,"12,000,000","6,012,566,606",408,Music,2015
914,915,Diana and Roma IND,"12,000,000","5,236,195,681",487,https://us.youtubers.me/global/all/top-1000-most_subscribed-youtube-channels,2019
915,916,Quantum Tech HD,"12,000,000","4,421,255,437",490,Science & Technology,2015
916,917,Franco Escamilla,"12,000,000","3,792,018,934","2,275",Comedy,2007
917,918,Pastor Antônio Júnior,"12,000,000","1,880,211,143","4,096",People & Blogs,2013
918,919,TsMadaan,"12,000,000","1,370,529,687","1,753",Howto & Style,2008
919,920,Hero Movies 2023,"11,900,000","1,567,419,173",446,People & Blogs,2017
920,921,Topper Guild,"11,900,000","11,296,940,423",612,Comedy,2014
921,922,Willie Salim,"11,900,000","2,811,346,388",446,People & Blogs,2014
922,923,MBC مصر,"11,900,000","6,617,278,334","40,741",Entertainment,2012
923,924,First We Feast,"11,900,000","2,645,221,536",896,Howto & Style,2014
924,925,Rubius Z,"11,900,000","1,975,397,586",496,Comedy,2006
925,926,Black Eyed Peas,"11,900,000","10,134,616,933",71,Music,2007
926,927,Pari's Lifestyle,"11,900,000","7,271,047,228",401,People & Blogs,2018
927,928,CNCO,"11,900,000","7,059,676,669",187,Music,2015
928,929,AlArabiya العربية,"11,900,000","6,575,858,204","147,459",People & Blogs,2006
929,930,Luan Santana,"11,900,000","5,332,547,232",379,Music,2009
930,931,DANIEL EL TRAVIESO VIDEOS,"11,900,000","4,842,572,088",335,Comedy,2014
931,932,KaKa Kids TV - Nursery Rhymes Kids Animated Songs,"11,900,000","4,185,234,779",331,https://us.youtubers.me/global/all/top-1000-most_subscribed-youtube-channels,2013
932,933,Kluna Tik,"11,900,000","4,154,119,625",302,Entertainment,2014
933,934,Make Joke Of,"11,900,000","1,962,826,145",48,Comedy,2017
934,935,Lofi Girl,"11,900,000","1,476,334,365",372,Music,2015
935,936,GoldminesAction,"11,900,000","1,169,023,702",644,Film & Animation,2015
936,937,emma chamberlain,"11,900,000","1,572,887,708",287,Entertainment,2016
937,938,ChrisBrownVEVO,"11,900,000","13,190,990,325",297,Music,2009
938,939,Kashvi Adlakha,"11,900,000","10,392,111,852","1,310",Entertainment,2017
939,940,Jaiden Animations,"11,800,000","2,203,766,508",104,Film & Animation,2014
940,941,MORGENSHTERN,"11,800,000","2,262,532,486",160,Music,2013
941,942,Norman,"11,800,000","2,703,042,539",210,Comedy,2011
942,943,bharatzkitchen HINDI,"11,800,000","2,111,580,099",677,Howto & Style,2016
943,944,EU FICO LOKO,"11,800,000","1,188,130,067","1,605",Comedy,2010
944,945,CalvinHarrisVEVO,"11,800,000","13,952,879,752",174,Music,2009
945,946,Flowers Comedy,"11,800,000","10,538,459,750","10,287",Entertainment,2015
946,947,P!NK,"11,800,000","7,548,976,997",19,Music,2006
947,948,Wild 'N Out,"11,800,000","4,615,066,353","1,357",Entertainment,2006
948,949,Koo Koo TV - Hindi,"11,800,000","4,366,561,548","1,033",Education,2017
949,950,LipaoGamer,"11,800,000","4,011,244,826","11,248",Gaming,2011
950,951,MrGear,"11,800,000","3,263,435,380",840,Science & Technology,2015
951,952,TWO SIDE GAMERS,"11,800,000","2,064,926,551","1,873",Music,2018
952,953,TommyInnit,"11,800,000","1,680,228,521",305,Gaming,2015
953,954,Naz | ناز,"11,800,000","2,013,778,695",917,People & Blogs,2016
954,955,FrontaL Gaming,"11,800,000","268,739,666",157,Gaming,2015
955,956,Halsey,"11,700,000","4,654,677,099",52,Music,2014
956,957,Kendrick Lamar,"11,700,000","5,254,014,931",22,People & Blogs,2018
957,958,Lil Wayne,"11,700,000","5,741,869,232",263,Music,2013
958,959,الجانب المُشرق | Bright Side Arabic,"11,700,000","1,686,312,058","5,338",Howto & Style,2018
959,960,Garena Free Fire LATAM,"11,700,000","1,659,725,078","1,670",People & Blogs,2018
960,961,POCOYÓ en ESPAÑOL - Canal Oficial,"11,700,000","8,759,719,169","1,630",Film & Animation,2007
961,962,Chetan Monga Vlogs,"11,700,000","8,253,741,205",798,People & Blogs,2014
962,963,elcarteldesantatv,"11,700,000","6,698,448,077",344,Music,2008
963,964,BBC Earth,"11,700,000","4,212,409,776","2,338",Pets & Animals,2009
964,965,SBT,"11,700,000","3,455,406,720","25,943",Comedy,2008
965,966,Tfue,"11,700,000","1,488,520,716",833,Gaming,2014
966,967,Yoga With Adriene,"11,700,000","1,267,465,262",674,Howto & Style,2012
967,968,Dani Russo Tv,"11,700,000","611,866,406",277,Comedy,2014
968,969,Free Fire India Official,"11,700,000","1,486,885,351","1,268",People & Blogs,2018
969,970,Noman Official,"11,600,000","4,775,297,096",439,Comedy,2019
970,971,BIBO и Игрушки,"11,600,000","1,046,651,653",169,Entertainment,2019
971,972,Machinima,"11,600,000",0,0,Film & Animation,2006
972,973,Mundo Bita,"11,600,000","15,080,936,964",195,Music,2011
973,974,Salman Noman,"11,600,000","8,002,520,517",548,Entertainment,2013
974,975,Single Track Studio,"11,600,000","4,692,757,292","1,726",Entertainment,2010
975,976,Stray Kids,"11,600,000","2,599,025,008",709,People & Blogs,2017
976,977,Gustavo Paródias,"11,600,000","2,187,032,139",690,Comedy,2014
977,978,CrazyRussianHacker,"11,600,000","3,208,363,861","2,187",Science & Technology,2012
978,979,Biper y sus Amigos,"11,600,000","5,200,224,730",148,Music,2012
979,980,CarryisLive,"11,600,000","1,449,647,680",947,Gaming,2017
980,981,Airrack,"11,500,000","1,542,774,923",159,Entertainment,2015
981,982,Vy Qwaint,"11,500,000","5,652,341,273",559,Howto & Style,2014
982,983,Toys Make Me Smile,"11,500,000","4,830,020,688",102,Entertainment,2015
983,984,ZutiGang,"11,500,000","12,712,546,262","1,075",People & Blogs,2021
984,985,Flamingo,"11,500,000","9,569,061,994","2,324",Gaming,2017
985,986,Brancoala,"11,500,000","8,465,443,935","1,768",Entertainment,2008
986,987,Annoying Orange,"11,500,000","8,058,549,344","1,948",Shows,2010
987,988,Zee Kids,"11,500,000","7,017,537,235","1,015",Film & Animation,2012
988,989,ARY News,"11,500,000","5,765,943,823","67,453",News & Politics,2013
989,990,Star Casablanca | نجوم الدار البيضاء,"11,500,000","5,338,043,398","1,030",Music,2015
990,991,Maymo,"11,500,000","5,050,463,518",512,Pets & Animals,2006
991,992,설기양SULGI,"11,500,000","2,971,992,503",597,People & Blogs,2012
992,993,The Film Theorists,"11,500,000","2,415,688,324",382,Film & Animation,2014
993,994,ToysPlay,"11,500,000","7,254,635,746",431,Entertainment,2015
994,995,Morgz,"11,500,000","2,780,058,418",775,Gaming,2014
995,996,XO TEAM,"11,500,000","11,471,384,709","2,679",People & Blogs,2021
996,997,Nirahua Music World,"11,500,000","5,997,717,755",788,Music,2014
997,998,YtCrash,"11,400,000","3,825,084",1,Education,2015
998,999,Painzeiro,"11,400,000","2,143,444,281",946,People & Blogs,2015
999,1000,Oum Walid,"11,400,000","2,480,064,722","1,598",People & Blogs,2015
